<?xml version="1.0" encoding="UTF-8"?>
<node>
<version>6</version>
<dict>
  <key>expanded</key><false/>
  <key>title</key><string>SMTP Enumeration</string>
  <key>nodeid</key><string>9222d259-f139-42fe-b5dd-ea178b11b134</string>
  <key>modified_time</key><integer>1493754108</integer>
  <key>expanded2</key><false/>
  <key>version</key><integer>6</integer>
  <key>content_type</key><string>text/xhtml+xml</string>
  <key>created_time</key><integer>1492171989</integer>
  <key>info_sort_dir</key><integer>1</integer>
  <key>order</key><integer>5</integer>
  <key>info_sort</key><string>order</string>
</dict>
</node>
