<?xml version="1.0" encoding="UTF-8"?>
<node>
<version>6</version>
<dict>
  <key>expanded</key><true/>
  <key>nodeid</key><string>9d6e65d2-a60c-425d-8599-2e7d297d3e7a</string>
  <key>modified_time</key><integer>1500976719</integer>
  <key>expanded2</key><false/>
  <key>content_type</key><string>application/x-notebook-dir</string>
  <key>created_time</key><integer>1500976719</integer>
  <key>info_sort_dir</key><integer>1</integer>
  <key>title</key><string>Wi-Fi</string>
  <key>version</key><integer>6</integer>
  <key>order</key><integer>19</integer>
  <key>info_sort</key><string>order</string>
</dict>
</node>
