<?xml version="1.0" encoding="UTF-8"?>
<node>
<version>6</version>
<dict>
  <key>title</key><string>vrfy.py</string>
  <key>nodeid</key><string>09e3ad1a-09bd-41eb-934c-44c1a810f604</string>
  <key>modified_time</key><integer>1493755909</integer>
  <key>version</key><integer>6</integer>
  <key>content_type</key><string>text/xhtml+xml</string>
  <key>created_time</key><integer>1493755713</integer>
  <key>info_sort_dir</key><integer>1</integer>
  <key>order</key><integer>0</integer>
  <key>info_sort</key><string>order</string>
  <key>icon</key><string>note-orange.png</string>
</dict>
</node>
