<?xml version="1.0" encoding="UTF-8"?>
<node>
<version>6</version>
<dict>
  <key>title</key><string>SLmail skelleton script</string>
  <key>nodeid</key><string>25faf2b5-50c9-4bca-b34d-92c96732f54e</string>
  <key>modified_time</key><integer>1493838097</integer>
  <key>version</key><integer>6</integer>
  <key>content_type</key><string>text/xhtml+xml</string>
  <key>created_time</key><integer>1493833098</integer>
  <key>order</key><integer>1</integer>
  <key>icon</key><string>note-orange.png</string>
</dict>
</node>
