<?xml version="1.0" encoding="UTF-8"?>
<node>
<version>6</version>
<dict>
  <key>duplicate_of</key><string>4a997f39-5e1e-4d46-9569-d2895dc3cd55</string>
  <key>title</key><string>Wi-Fi terminology</string>
  <key>nodeid</key><string>af629c56-9e41-4261-89d4-4cfa5b9edaf8</string>
  <key>modified_time</key><integer>1528201234</integer>
  <key>version</key><integer>6</integer>
  <key>content_type</key><string>text/xhtml+xml</string>
  <key>created_time</key><integer>1528197895</integer>
  <key>info_sort_dir</key><integer>1</integer>
  <key>order</key><integer>9</integer>
  <key>info_sort</key><string>order</string>
</dict>
</node>
