<?xml version="1.0" encoding="UTF-8"?>
<node>
<version>6</version>
<dict>
  <key>title</key><string>pop3 password fuzz</string>
  <key>nodeid</key><string>39397377-da6b-4c61-97e9-92e021bdf55a</string>
  <key>modified_time</key><integer>1493833092</integer>
  <key>version</key><integer>6</integer>
  <key>content_type</key><string>text/xhtml+xml</string>
  <key>created_time</key><integer>1493833030</integer>
  <key>order</key><integer>0</integer>
  <key>icon</key><string>note-orange.png</string>
</dict>
</node>
