<?xml version="1.0" encoding="UTF-8"?>
<node>
<version>6</version>
<dict>
  <key>title</key><string>Best Practice or proceedure</string>
  <key>nodeid</key><string>226384f6-89b0-4c63-ac32-074d42e69f09</string>
  <key>modified_time</key><integer>1493841653</integer>
  <key>version</key><integer>6</integer>
  <key>content_type</key><string>text/xhtml+xml</string>
  <key>created_time</key><integer>1493841653</integer>
  <key>order</key><integer>1</integer>
  <key>icon</key><string>note-red.png</string>
</dict>
</node>
