<?xml version="1.0" encoding="UTF-8"?>
<node>
<version>6</version>
<dict>
  <key>title</key><string>hotspot.sh</string>
  <key>payload_filename</key><string>hotspot.sh</string>
  <key>nodeid</key><string>453139e7-52c8-49ab-935a-da545742cd3e</string>
  <key>modified_time</key><integer>1528283960</integer>
  <key>order</key><integer>1</integer>
  <key>version</key><integer>6</integer>
  <key>content_type</key><string>text/x-sh</string>
  <key>created_time</key><integer>1528212801</integer>
</dict>
</node>
