<?xml version="1.0" encoding="UTF-8"?>
<node>
<version>6</version>
<dict>
  <key>expanded</key><false/>
  <key>nodeid</key><string>fd9d9e1f-c14b-467d-bd03-ef4659d3f715</string>
  <key>modified_time</key><integer>1493764986</integer>
  <key>expanded2</key><false/>
  <key>content_type</key><string>text/xhtml+xml</string>
  <key>created_time</key><integer>1491804747</integer>
  <key>info_sort_dir</key><integer>1</integer>
  <key>title</key><string>nmap</string>
  <key>version</key><integer>6</integer>
  <key>order</key><integer>8</integer>
  <key>info_sort</key><string>order</string>
</dict>
</node>
