<?xml version="1.0" encoding="UTF-8"?>
<node>
<version>6</version>
<dict>
  <key>expanded</key><false/>
  <key>title</key><string>Trash</string>
  <key>nodeid</key><string>0df99a95-8d0e-4498-b8db-eab30ed3672d</string>
  <key>modified_time</key><integer>1491029588</integer>
  <key>version</key><integer>6</integer>
  <key>content_type</key><string>application/x-notebook-trash</string>
  <key>created_time</key><integer>1491029588</integer>
  <key>info_sort_dir</key><integer>1</integer>
  <key>order</key><integer>20</integer>
  <key>info_sort</key><string>order</string>
</dict>
</node>
