<?xml version="1.0" encoding="UTF-8"?>
<node>
<version>6</version>
<dict>
  <key>title</key><string>Controlling the EIP register</string>
  <key>nodeid</key><string>a5ce6fb4-5bab-4ad3-8685-075e31cc841e</string>
  <key>modified_time</key><integer>1493841419</integer>
  <key>expanded2</key><true/>
  <key>version</key><integer>6</integer>
  <key>content_type</key><string>text/xhtml+xml</string>
  <key>created_time</key><integer>1493840998</integer>
  <key>order</key><integer>3</integer>
  <key>icon</key><string>note-violet.png</string>
</dict>
</node>
