<?xml version="1.0" encoding="UTF-8"?>
<node>
<version>6</version>
<dict>
  <key>title</key><string>Badchars</string>
  <key>nodeid</key><string>0c172818-3ba0-45f7-a10e-b091010dcc43</string>
  <key>modified_time</key><integer>1493841569</integer>
  <key>version</key><integer>6</integer>
  <key>content_type</key><string>text/xhtml+xml</string>
  <key>created_time</key><integer>1493841466</integer>
  <key>order</key><integer>0</integer>
  <key>icon</key><string>note-violet.png</string>
</dict>
</node>
