<?xml version="1.0" encoding="UTF-8"?>
<node>
<version>6</version>
<dict>
  <key>expanded</key><true/>
  <key>nodeid</key><string>33aa1b09-a378-4e7d-8bf3-081bd141239c</string>
  <key>modified_time</key><integer>1500100406</integer>
  <key>expanded2</key><false/>
  <key>content_type</key><string>application/x-notebook-dir</string>
  <key>created_time</key><integer>1500100406</integer>
  <key>info_sort_dir</key><integer>1</integer>
  <key>title</key><string>XSS</string>
  <key>version</key><integer>6</integer>
  <key>order</key><integer>21</integer>
  <key>info_sort</key><string>order</string>
</dict>
</node>
