<?xml version="1.0" encoding="UTF-8"?>
<node>
<version>6</version>
<dict>
  <key>expanded</key><false/>
  <key>nodeid</key><string>c3befc54-1a86-4963-91ee-28869d58cf0c</string>
  <key>modified_time</key><integer>1493756590</integer>
  <key>expanded2</key><true/>
  <key>content_type</key><string>text/xhtml+xml</string>
  <key>created_time</key><integer>1493755930</integer>
  <key>info_sort_dir</key><integer>1</integer>
  <key>title</key><string>SNMP Enumeration</string>
  <key>version</key><integer>6</integer>
  <key>order</key><integer>12</integer>
  <key>info_sort</key><string>order</string>
</dict>
</node>
