<?xml version="1.0" encoding="UTF-8"?>
<node>
<version>6</version>
<dict>
  <key>title</key><string>Firewall &amp; NAC Evasion - Indirect Wireless Pivots</string>
  <key>nodeid</key><string>7a6fb3f1-bdf9-4089-82fa-f2dd206b64d4</string>
  <key>modified_time</key><integer>1528215156</integer>
  <key>version</key><integer>6</integer>
  <key>content_type</key><string>text/xhtml+xml</string>
  <key>created_time</key><integer>1528214459</integer>
  <key>info_sort_dir</key><integer>1</integer>
  <key>order</key><integer>6</integer>
  <key>info_sort</key><string>order</string>
</dict>
</node>
