<?xml version="1.0" encoding="UTF-8"?>
<node>
<version>6</version>
<dict>
  <key>title</key><string>Introducing Shellcode</string>
  <key>nodeid</key><string>613ad38b-d417-48a8-aed3-82cb2dad3c42</string>
  <key>modified_time</key><integer>1493841112</integer>
  <key>version</key><integer>6</integer>
  <key>content_type</key><string>text/xhtml+xml</string>
  <key>created_time</key><integer>1493841073</integer>
  <key>order</key><integer>4</integer>
  <key>icon</key><string>note-violet.png</string>
</dict>
</node>
