<?xml version="1.0" encoding="UTF-8"?>
<node>
<version>6</version>
<dict>
  <key>title</key><string>Forward.sh script</string>
  <key>nodeid</key><string>d6921c43-caad-44a2-b350-ce91ee5c6ee8</string>
  <key>modified_time</key><integer>1491518269</integer>
  <key>version</key><integer>6</integer>
  <key>content_type</key><string>text/xhtml+xml</string>
  <key>created_time</key><integer>1491518222</integer>
  <key>order</key><integer>1</integer>
  <key>icon</key><string>note-orange.png</string>
</dict>
</node>
