<?xml version="1.0" encoding="UTF-8"?>
<node>
<version>6</version>
<dict>
  <key>title</key><string>Firewall-pivot.sh</string>
  <key>nodeid</key><string>ae1e7513-68dd-4c99-9dba-aff69c8c6cb9</string>
  <key>modified_time</key><integer>1528215470</integer>
  <key>version</key><integer>6</integer>
  <key>payload_filename</key><string>firewall-pivot.sh</string>
  <key>content_type</key><string>text/x-sh</string>
  <key>created_time</key><integer>1528215470</integer>
  <key>order</key><integer>0</integer>
</dict>
</node>
