<?xml version="1.0" encoding="UTF-8"?>
<node>
<version>6</version>
<dict>
  <key>title</key><string>DNS Zone Transfer</string>
  <key>nodeid</key><string>7ee42e2a-13ed-40e8-9d62-96349fa0f54e</string>
  <key>modified_time</key><integer>1491641670</integer>
  <key>version</key><integer>6</integer>
  <key>content_type</key><string>text/xhtml+xml</string>
  <key>created_time</key><integer>1491641277</integer>
  <key>info_sort_dir</key><integer>1</integer>
  <key>order</key><integer>0</integer>
  <key>info_sort</key><string>order</string>
</dict>
</node>
