<?xml version="1.0" encoding="UTF-8"?>
<node>
<version>6</version>
<dict>
  <key>expanded</key><false/>
  <key>nodeid</key><string>19fb9100-25c6-4aaa-a482-445ec2ca58ce</string>
  <key>modified_time</key><integer>1493831542</integer>
  <key>expanded2</key><false/>
  <key>content_type</key><string>application/x-notebook-dir</string>
  <key>created_time</key><integer>1493831542</integer>
  <key>info_sort_dir</key><integer>1</integer>
  <key>title</key><string>Buffer Overflows</string>
  <key>version</key><integer>6</integer>
  <key>order</key><integer>15</integer>
  <key>info_sort</key><string>order</string>
</dict>
</node>
