<?xml version="1.0" encoding="UTF-8"?>
<node>
<version>6</version>
<dict>
  <key>title</key><string>Reverse.sh script</string>
  <key>nodeid</key><string>9a29b620-6678-404b-9185-8ef13d919504</string>
  <key>modified_time</key><integer>1491641059</integer>
  <key>version</key><integer>6</integer>
  <key>content_type</key><string>text/xhtml+xml</string>
  <key>created_time</key><integer>1491640684</integer>
  <key>order</key><integer>2</integer>
  <key>icon</key><string>note-orange.png</string>
</dict>
</node>
