<?xml version="1.0" encoding="UTF-8"?>
<node>
<version>6</version>
<dict>
  <key>title</key><string>common community names</string>
  <key>nodeid</key><string>df562b77-9faa-4db6-a026-70850550ebab</string>
  <key>modified_time</key><integer>1493757051</integer>
  <key>version</key><integer>6</integer>
  <key>content_type</key><string>text/xhtml+xml</string>
  <key>created_time</key><integer>1493757035</integer>
  <key>order</key><integer>0</integer>
  <key>icon</key><string>note-yellow.png</string>
</dict>
</node>
