<?xml version="1.0" encoding="UTF-8"?>
<node>
<version>6</version>
<dict>
  <key>title</key><string>http-downgrade-attack.sh</string>
  <key>nodeid</key><string>0743240b-6900-4918-a0b4-14ff9fc20d0f</string>
  <key>modified_time</key><integer>1528213475</integer>
  <key>version</key><integer>6</integer>
  <key>payload_filename</key><string>http-downgrade-attack.sh</string>
  <key>content_type</key><string>text/x-sh</string>
  <key>created_time</key><integer>1528213475</integer>
  <key>order</key><integer>0</integer>
</dict>
</node>
