<?xml version="1.0" encoding="UTF-8"?>
<node>
<version>6</version>
<dict>
  <key>title</key><string>File Transfers</string>
  <key>nodeid</key><string>2689f3c3-997b-4dba-98d5-67cb8726e5e1</string>
  <key>modified_time</key><integer>1493851410</integer>
  <key>version</key><integer>6</integer>
  <key>content_type</key><string>application/x-notebook-dir</string>
  <key>created_time</key><integer>1493851410</integer>
  <key>info_sort_dir</key><integer>1</integer>
  <key>order</key><integer>18</integer>
  <key>info_sort</key><string>order</string>
</dict>
</node>
