<?xml version="1.0" encoding="UTF-8"?>
<node>
<version>6</version>
<dict>
  <key>title</key><string>Full script</string>
  <key>nodeid</key><string>a785c86d-1ddb-471e-8a70-2e407820eba4</string>
  <key>modified_time</key><integer>1493841610</integer>
  <key>expanded2</key><true/>
  <key>version</key><integer>6</integer>
  <key>content_type</key><string>text/xhtml+xml</string>
  <key>created_time</key><integer>1493841610</integer>
  <key>order</key><integer>0</integer>
  <key>icon</key><string>note-orange.png</string>
</dict>
</node>
