<?xml version="1.0" encoding="UTF-8"?>
<node>
<version>6</version>
<dict>
  <key>expanded</key><false/>
  <key>nodeid</key><string>b7d732d9-d703-430f-b2cc-6dab68a132dd</string>
  <key>modified_time</key><integer>1491029629</integer>
  <key>expanded2</key><false/>
  <key>content_type</key><string>application/x-notebook-dir</string>
  <key>created_time</key><integer>1491029629</integer>
  <key>info_sort_dir</key><integer>1</integer>
  <key>title</key><string>Basic BASH commands</string>
  <key>version</key><integer>6</integer>
  <key>order</key><integer>4</integer>
  <key>info_sort</key><string>order</string>
</dict>
</node>
