<?xml version="1.0" encoding="UTF-8"?>
<node>
<version>6</version>
<dict>
  <key>expanded</key><false/>
  <key>nodeid</key><string>c9366045-6888-4142-9422-43419360c516</string>
  <key>modified_time</key><integer>1498941990</integer>
  <key>expanded2</key><false/>
  <key>content_type</key><string>text/xhtml+xml</string>
  <key>created_time</key><integer>1493548371</integer>
  <key>info_sort_dir</key><integer>1</integer>
  <key>title</key><string>SMB Enumeration</string>
  <key>version</key><integer>6</integer>
  <key>order</key><integer>11</integer>
  <key>info_sort</key><string>order</string>
</dict>
</node>
