<?xml version="1.0" encoding="UTF-8"?>
<node>
<version>6</version>
<dict>
  <key>title</key><string>HTTPS downgrade attack</string>
  <key>nodeid</key><string>fac8b0f8-4773-425b-9f33-b4930dde6214</string>
  <key>modified_time</key><integer>1528213685</integer>
  <key>version</key><integer>6</integer>
  <key>content_type</key><string>text/xhtml+xml</string>
  <key>created_time</key><integer>1528212851</integer>
  <key>info_sort_dir</key><integer>1</integer>
  <key>order</key><integer>5</integer>
  <key>info_sort</key><string>order</string>
</dict>
</node>
