<?xml version="1.0" encoding="UTF-8"?>
<node>
<version>6</version>
<dict>
  <key>title</key><string>Sample script with Shellcode created</string>
  <key>nodeid</key><string>8225b615-d3e6-4aff-880c-a4e97640e86f</string>
  <key>modified_time</key><integer>1493848165</integer>
  <key>version</key><integer>6</integer>
  <key>content_type</key><string>text/xhtml+xml</string>
  <key>created_time</key><integer>1493847351</integer>
  <key>order</key><integer>0</integer>
  <key>icon</key><string>note-orange.png</string>
</dict>
</node>
