<?xml version="1.0" encoding="UTF-8"?>
<node>
<version>6</version>
<dict>
  <key>title</key><string>Remote File Inclusion (RFI)</string>
  <key>nodeid</key><string>22036fa8-40e1-4f47-ab2a-dd2b288bb9e5</string>
  <key>modified_time</key><integer>1500188237</integer>
  <key>expanded2</key><true/>
  <key>version</key><integer>6</integer>
  <key>content_type</key><string>application/x-notebook-dir</string>
  <key>created_time</key><integer>1500188237</integer>
  <key>order</key><integer>22</integer>
</dict>
</node>
