<?xml version="1.0" encoding="UTF-8"?>
<node>
<version>6</version>
<dict>
  <key>title</key><string>Attacking WPA2-EAP</string>
  <key>nodeid</key><string>d13e0bff-c71b-4e2a-a15b-2be4f386e1b1</string>
  <key>modified_time</key><integer>1528294945</integer>
  <key>version</key><integer>6</integer>
  <key>content_type</key><string>text/xhtml+xml</string>
  <key>created_time</key><integer>1528200883</integer>
  <key>info_sort_dir</key><integer>1</integer>
  <key>order</key><integer>3</integer>
  <key>info_sort</key><string>order</string>
</dict>
</node>
