<?xml version="1.0" encoding="UTF-8"?>
<node>
<version>6</version>
<dict>
  <key>title</key><string>Common XSS Type Attacks</string>
  <key>nodeid</key><string>22e2da6a-d3fb-4d6e-b5ce-c6bdaafa4605</string>
  <key>modified_time</key><integer>1500100646</integer>
  <key>version</key><integer>6</integer>
  <key>content_type</key><string>text/xhtml+xml</string>
  <key>created_time</key><integer>1500100629</integer>
  <key>info_sort_dir</key><integer>1</integer>
  <key>order</key><integer>0</integer>
  <key>info_sort</key><string>order</string>
</dict>
</node>
