<?xml version="1.0" encoding="UTF-8"?>
<node>
<version>6</version>
<dict>
  <key>title</key><string>DEFCON-25-Workshop-Gabriel-Ryan-Advanced-Wireless-Attacks-Against-Enterprise-Networks-Course-Guide.pdf</string>
  <key>nodeid</key><string>199d9041-dc99-4bc0-9300-306974bb3c27</string>
  <key>modified_time</key><integer>1528201197</integer>
  <key>version</key><integer>6</integer>
  <key>payload_filename</key><string>defcon-25-workshop-gabriel-ryan-advanced.pdf</string>
  <key>content_type</key><string>application/pdf</string>
  <key>created_time</key><integer>1528201197</integer>
  <key>order</key><integer>0</integer>
</dict>
</node>
