<?xml version="1.0" encoding="UTF-8"?>
<node>
<version>6</version>
<dict>
  <key>title</key><string>Shellcode</string>
  <key>nodeid</key><string>504d59ab-5f2e-4ef6-8147-e9071b9c0c0b</string>
  <key>modified_time</key><integer>1493847352</integer>
  <key>expanded2</key><true/>
  <key>version</key><integer>6</integer>
  <key>content_type</key><string>text/xhtml+xml</string>
  <key>created_time</key><integer>1493846108</integer>
  <key>order</key><integer>7</integer>
  <key>icon</key><string>note-violet.png</string>
</dict>
</node>
