<?xml version="1.0" encoding="UTF-8"?>
<node>
<version>6</version>
<dict>
  <key>title</key><string>Identify bad characters</string>
  <key>nodeid</key><string>565be121-8410-4efd-b856-71598e32c793</string>
  <key>modified_time</key><integer>1493845371</integer>
  <key>expanded2</key><false/>
  <key>version</key><integer>6</integer>
  <key>content_type</key><string>text/xhtml+xml</string>
  <key>created_time</key><integer>1493841120</integer>
  <key>order</key><integer>5</integer>
</dict>
</node>
