<?xml version="1.0" encoding="UTF-8"?>
<node>
<version>6</version>
<dict>
  <key>title</key><string>Wireshark</string>
  <key>nodeid</key><string>f5f55e19-2ddb-4a99-8459-7fbc9c0d9aa0</string>
  <key>modified_time</key><integer>1491424797</integer>
  <key>version</key><integer>6</integer>
  <key>content_type</key><string>text/xhtml+xml</string>
  <key>created_time</key><integer>1491031024</integer>
  <key>info_sort_dir</key><integer>1</integer>
  <key>order</key><integer>8</integer>
  <key>info_sort</key><string>order</string>
</dict>
</node>
