<?xml version="1.0" encoding="UTF-8"?>
<node>
<version>6</version>
<dict>
  <key>title</key><string>The Process</string>
  <key>nodeid</key><string>4df211fa-a7ab-4769-a98f-150c6c1b1f44</string>
  <key>modified_time</key><integer>1493831841</integer>
  <key>expanded2</key><true/>
  <key>version</key><integer>6</integer>
  <key>content_type</key><string>text/xhtml+xml</string>
  <key>created_time</key><integer>1493831562</integer>
  <key>order</key><integer>0</integer>
  <key>icon</key><string>note-red.png</string>
</dict>
</node>
