<?xml version="1.0" encoding="UTF-8"?>
<node>
<version>6</version>
<dict>
  <key>expanded</key><true/>
  <key>title</key><string>The setup</string>
  <key>nodeid</key><string>97ce0232-a3f1-499b-bc30-7308aa68d63f</string>
  <key>modified_time</key><integer>1493765381</integer>
  <key>version</key><integer>6</integer>
  <key>content_type</key><string>application/x-notebook-dir</string>
  <key>created_time</key><integer>1493765381</integer>
  <key>info_sort_dir</key><integer>1</integer>
  <key>order</key><integer>10</integer>
  <key>info_sort</key><string>order</string>
</dict>
</node>
