<?xml version="1.0" encoding="UTF-8"?>
<node>
<version>6</version>
<dict>
  <key>title</key><string>THP2 SCANNING PROCESS</string>
  <key>nodeid</key><string>2d41020c-4ad1-4149-868e-bcdac1ce1731</string>
  <key>modified_time</key><integer>1493769391</integer>
  <key>version</key><integer>6</integer>
  <key>content_type</key><string>text/xhtml+xml</string>
  <key>created_time</key><integer>1493769271</integer>
  <key>info_sort_dir</key><integer>1</integer>
  <key>order</key><integer>3</integer>
  <key>info_sort</key><string>order</string>
  <key>icon</key><string>note-red.png</string>
</dict>
</node>
