<?xml version="1.0" encoding="UTF-8"?>
<node>
<version>6</version>
<dict>
  <key>title</key><string>Contents includes copy &amp; paste material</string>
  <key>nodeid</key><string>3373a6d4-3303-41df-97fa-7ea1ea34559b</string>
  <key>modified_time</key><integer>1493841626</integer>
  <key>expanded2</key><true/>
  <key>version</key><integer>6</integer>
  <key>content_type</key><string>text/xhtml+xml</string>
  <key>created_time</key><integer>1493841626</integer>
  <key>order</key><integer>2</integer>
  <key>icon</key><string>note-violet.png</string>
</dict>
</node>
