<?xml version="1.0" encoding="UTF-8"?>
<node>
<version>6</version>
<dict>
  <key>title</key><string>Network Sweeping</string>
  <key>nodeid</key><string>d36aa77f-9e0e-4cfc-9a89-ce492a7fd019</string>
  <key>modified_time</key><integer>1498941780</integer>
  <key>expanded2</key><false/>
  <key>version</key><integer>6</integer>
  <key>content_type</key><string>text/xhtml+xml</string>
  <key>created_time</key><integer>1492664392</integer>
  <key>info_sort_dir</key><integer>1</integer>
  <key>order</key><integer>2</integer>
  <key>info_sort</key><string>order</string>
</dict>
</node>
