<?xml version="1.0" encoding="UTF-8"?>
<node>
<version>6</version>
<dict>
  <key>title</key><string>Wi-Fi MiTM attack</string>
  <key>nodeid</key><string>b05895cc-55a2-487c-a17e-acf7d58d7ff7</string>
  <key>modified_time</key><integer>1528214725</integer>
  <key>version</key><integer>6</integer>
  <key>content_type</key><string>text/xhtml+xml</string>
  <key>created_time</key><integer>1528210246</integer>
  <key>info_sort_dir</key><integer>1</integer>
  <key>order</key><integer>4</integer>
  <key>info_sort</key><string>order</string>
</dict>
</node>
